acc_x,acc_y,acc_z,gyro_x,gyro_y,gyro_z
0.037378549575805664,-0.03692626953125,0.1279468536376953,-0.01953125,0.0674591064453125,0.0451812744140625
0.037378549575805664,-0.03692626953125,0.1279468536376953,-0.01953125,0.0674591064453125,0.0451812744140625
0.037378549575805664,-0.03692626953125,0.1279468536376953,-0.01953125,0.0674591064453125,0.0451812744140625
0.037378549575805664,-0.03692626953125,0.1279468536376953,-0.01953125,0.0674591064453125,0.0451812744140625
0.037378549575805664,-0.03692626953125,0.1279468536376953,-0.01953125,0.0674591064453125,0.0451812744140625
0.037378549575805664,-0.03692626953125,0.1279468536376953,-0.01953125,0.0674591064453125,0.0451812744140625
0.037378549575805664,-0.03692626953125,0.1279468536376953,-0.01953125,0.0674591064453125,0.0451812744140625
0.037378549575805664,-0.03692626953125,0.1279468536376953,-0.01953125,0.0674591064453125,0.0451812744140625
0.037378549575805664,-0.03692626953125,0.1279468536376953,-0.01953125,0.0674591064453125,0.0451812744140625
-0.021906137466430664,-0.037616729736328125,0.004015922546386719,-0.00823974609375,0.0237884521484375,0.0460357666015625
-0.021906137466430664,-0.037616729736328125,0.004015922546386719,-0.00823974609375,0.0237884521484375,0.0460357666015625
-0.021906137466430664,-0.037616729736328125,0.004015922546386719,-0.00823974609375,0.0237884521484375,0.0460357666015625
-0.021906137466430664,-0.037616729736328125,0.004015922546386719,-0.00823974609375,0.0237884521484375,0.0460357666015625
-0.021906137466430664,-0.037616729736328125,0.004015922546386719,-0.00823974609375,0.0237884521484375,0.0460357666015625
-0.021906137466430664,-0.037616729736328125,0.004015922546386719,-0.00823974609375,0.0237884521484375,0.0460357666015625
-0.021906137466430664,-0.037616729736328125,0.004015922546386719,-0.00823974609375,0.0237884521484375,0.0460357666015625
-0.021906137466430664,-0.037616729736328125,0.004015922546386719,-0.00823974609375,0.0237884521484375,0.0460357666015625
-0.021906137466430664,-0.037616729736328125,0.004015922546386719,-0.00823974609375,0.0237884521484375,0.0460357666015625
-0.021906137466430664,-0.037616729736328125,0.004015922546386719,-0.00823974609375,0.0237884521484375,0.0460357666015625
-0.021906137466430664,-0.037616729736328125,0.004015922546386719,-0.00823974609375,0.0237884521484375,0.0460357666015625
-0.021906137466430664,-0.037616729736328125,0.004015922546386719,-0.00823974609375,0.0237884521484375,0.0460357666015625
-0.021906137466430664,-0.037616729736328125,0.004015922546386719,-0.00823974609375,0.0237884521484375,0.0460357666015625
-0.021906137466430664,-0.037616729736328125,0.004015922546386719,-0.00823974609375,0.0237884521484375,0.0460357666015625
-0.021906137466430664,-0.037616729736328125,0.004015922546386719,-0.00823974609375,0.0237884521484375,0.0460357666015625
-0.2814379930496216,-0.1671006679534912,0.2959604263305664,0.0038909912109375,0.336761474609375,0.0779876708984375
-0.2814379930496216,-0.1671006679534912,0.2959604263305664,0.0038909912109375,0.336761474609375,0.0779876708984375
-0.2814379930496216,-0.1671006679534912,0.2959604263305664,0.0038909912109375,0.336761474609375,0.0779876708984375
-0.2814379930496216,-0.1671006679534912,0.2959604263305664,0.0038909912109375,0.336761474609375,0.0779876708984375
-0.2814379930496216,-0.1671006679534912,0.2959604263305664,0.0038909912109375,0.336761474609375,0.0779876708984375
-0.2814379930496216,-0.1671006679534912,0.2959604263305664,0.0038909912109375,0.336761474609375,0.0779876708984375
-0.2814379930496216,-0.1671006679534912,0.2959604263305664,0.0038909912109375,0.336761474609375,0.0779876708984375
-0.2814379930496216,-0.1671006679534912,0.2959604263305664,0.0038909912109375,0.336761474609375,0.0779876708984375
-0.2814379930496216,-0.1671006679534912,0.2959604263305664,0.0038909912109375,0.336761474609375,0.0779876708984375
-0.2814379930496216,-0.1671006679534912,0.2959604263305664,0.0038909912109375,0.336761474609375,0.0779876708984375
-0.2814379930496216,-0.1671006679534912,0.2959604263305664,0.0038909912109375,0.336761474609375,0.0779876708984375
-0.2814379930496216,-0.1671006679534912,0.2959604263305664,0.0038909912109375,0.336761474609375,0.0779876708984375
-0.2814379930496216,-0.1671006679534912,0.2959604263305664,0.0038909912109375,0.336761474609375,0.0779876708984375
-0.2814379930496216,-0.1671006679534912,0.2959604263305664,0.0038909912109375,0.336761474609375,0.0779876708984375
-0.2814379930496216,-0.1671006679534912,0.2959604263305664,0.0038909912109375,0.336761474609375,0.0779876708984375
-0.2814379930496216,-0.1671006679534912,0.2959604263305664,0.0038909912109375,0.336761474609375,0.0779876708984375
0.41823387145996094,0.09711146354675293,-0.0065402984619140625,0.1317291259765625,0.372344970703125,0.2456512451171875
0.41823387145996094,0.09711146354675293,-0.0065402984619140625,0.1317291259765625,0.372344970703125,0.2456512451171875
0.41823387145996094,0.09711146354675293,-0.0065402984619140625,0.1317291259765625,0.372344970703125,0.2456512451171875
0.41823387145996094,0.09711146354675293,-0.0065402984619140625,0.1317291259765625,0.372344970703125,0.2456512451171875
0.41823387145996094,0.09711146354675293,-0.0065402984619140625,0.1317291259765625,0.372344970703125,0.2456512451171875
0.41823387145996094,0.09711146354675293,-0.0065402984619140625,0.1317291259765625,0.372344970703125,0.2456512451171875
0.41823387145996094,0.09711146354675293,-0.0065402984619140625,0.1317291259765625,0.372344970703125,0.2456512451171875
0.41823387145996094,0.09711146354675293,-0.0065402984619140625,0.1317291259765625,0.372344970703125,0.2456512451171875
0.41823387145996094,0.09711146354675293,-0.0065402984619140625,0.1317291259765625,0.372344970703125,0.2456512451171875
0.41823387145996094,0.09711146354675293,-0.0065402984619140625,0.1317291259765625,0.372344970703125,0.2456512451171875
0.41823387145996094,0.09711146354675293,-0.0065402984619140625,0.1317291259765625,0.372344970703125,0.2456512451171875
0.41823387145996094,0.09711146354675293,-0.0065402984619140625,0.1317291259765625,0.372344970703125,0.2456512451171875
0.41823387145996094,0.09711146354675293,-0.0065402984619140625,0.1317291259765625,0.372344970703125,0.2456512451171875
0.41823387145996094,0.09711146354675293,-0.0065402984619140625,0.1317291259765625,0.372344970703125,0.2456512451171875
0.41823387145996094,0.09711146354675293,-0.0065402984619140625,0.1317291259765625,0.372344970703125,0.2456512451171875
0.41823387145996094,0.09711146354675293,-0.0065402984619140625,0.1317291259765625,0.372344970703125,0.2456512451171875
0.06516027450561523,-0.20215582847595215,0.12768840789794922,0.0330810546875,0.143096923828125,0.150421142578125
0.06516027450561523,-0.20215582847595215,0.12768840789794922,0.0330810546875,0.143096923828125,0.150421142578125
0.06516027450561523,-0.20215582847595215,0.12768840789794922,0.0330810546875,0.143096923828125,0.150421142578125
0.06516027450561523,-0.20215582847595215,0.12768840789794922,0.0330810546875,0.143096923828125,0.150421142578125
0.06516027450561523,-0.20215582847595215,0.12768840789794922,0.0330810546875,0.143096923828125,0.150421142578125
0.06516027450561523,-0.20215582847595215,0.12768840789794922,0.0330810546875,0.143096923828125,0.150421142578125
0.06516027450561523,-0.20215582847595215,0.12768840789794922,0.0330810546875,0.143096923828125,0.150421142578125
0.06516027450561523,-0.20215582847595215,0.12768840789794922,0.0330810546875,0.143096923828125,0.150421142578125
0.06516027450561523,-0.20215582847595215,0.12768840789794922,0.0330810546875,0.143096923828125,0.150421142578125
0.06516027450561523,-0.20215582847595215,0.12768840789794922,0.0330810546875,0.143096923828125,0.150421142578125
0.06516027450561523,-0.20215582847595215,0.12768840789794922,0.0330810546875,0.143096923828125,0.150421142578125
0.06516027450561523,-0.20215582847595215,0.12768840789794922,0.0330810546875,0.143096923828125,0.150421142578125
0.06516027450561523,-0.20215582847595215,0.12768840789794922,0.0330810546875,0.143096923828125,0.150421142578125
0.06516027450561523,-0.20215582847595215,0.12768840789794922,0.0330810546875,0.143096923828125,0.150421142578125
0.06516027450561523,-0.20215582847595215,0.12768840789794922,0.0330810546875,0.143096923828125,0.150421142578125
0.06516027450561523,-0.20215582847595215,0.12768840789794922,0.1568756103515625,0.019317626953125,-0.10162353515625
-0.15770339965820312,0.13198089599609375,-0.18395042419433594,0.1568756103515625,0.019317626953125,-0.10162353515625
-0.15770339965820312,0.13198089599609375,-0.18395042419433594,0.1568756103515625,0.019317626953125,-0.10162353515625
-0.15770339965820312,0.13198089599609375,-0.18395042419433594,0.1568756103515625,0.019317626953125,-0.10162353515625
-0.15770339965820312,0.13198089599609375,-0.18395042419433594,0.1568756103515625,0.019317626953125,-0.10162353515625
-0.15770339965820312,0.13198089599609375,-0.18395042419433594,0.1568756103515625,0.019317626953125,-0.10162353515625
-0.15770339965820312,0.13198089599609375,-0.18395042419433594,0.1568756103515625,0.019317626953125,-0.10162353515625
-0.15770339965820312,0.13198089599609375,-0.18395042419433594,0.1568756103515625,0.019317626953125,-0.10162353515625
-0.15770339965820312,0.13198089599609375,-0.18395042419433594,0.1568756103515625,0.019317626953125,-0.10162353515625
-0.15770339965820312,0.13198089599609375,-0.18395042419433594,0.1568756103515625,0.019317626953125,-0.10162353515625
-0.15770339965820312,0.13198089599609375,-0.18395042419433594,0.1568756103515625,0.019317626953125,-0.10162353515625
-0.15770339965820312,0.13198089599609375,-0.18395042419433594,0.1568756103515625,0.019317626953125,-0.10162353515625
-0.15770339965820312,0.13198089599609375,-0.18395042419433594,0.1568756103515625,0.019317626953125,-0.10162353515625
-0.15770339965820312,0.13198089599609375,-0.18395042419433594,0.1568756103515625,0.019317626953125,-0.10162353515625
-0.15770339965820312,0.13198089599609375,-0.18395042419433594,0.1568756103515625,0.019317626953125,-0.10162353515625
-0.6056385040283203,0.3613474369049072,1.5232877731323242,-0.2794647216796875,-0.235931396484375,0.0771331787109375
-0.6056385040283203,0.3613474369049072,1.5232877731323242,-0.2794647216796875,-0.235931396484375,0.0771331787109375
-0.6056385040283203,0.3613474369049072,1.5232877731323242,-0.2794647216796875,-0.235931396484375,0.0771331787109375
-0.6056385040283203,0.3613474369049072,1.5232877731323242,-0.2794647216796875,-0.235931396484375,0.0771331787109375
-0.6056385040283203,0.3613474369049072,1.5232877731323242,-0.2794647216796875,-0.235931396484375,0.0771331787109375
-0.6056385040283203,0.3613474369049072,1.5232877731323242,-0.2794647216796875,-0.235931396484375,0.0771331787109375
-0.6056385040283203,0.3613474369049072,1.5232877731323242,-0.2794647216796875,-0.235931396484375,0.0771331787109375
-0.6056385040283203,0.3613474369049072,1.5232877731323242,-0.2794647216796875,-0.235931396484375,0.0771331787109375
-0.6056385040283203,0.3613474369049072,1.5232877731323242,-0.2794647216796875,-0.235931396484375,0.0771331787109375
-0.6056385040283203,0.3613474369049072,1.5232877731323242,-0.2794647216796875,-0.235931396484375,0.0771331787109375
-0.6056385040283203,0.3613474369049072,1.5232877731323242,-0.2794647216796875,-0.235931396484375,0.0771331787109375
-0.6056385040283203,0.3613474369049072,1.5232877731323242,-0.2794647216796875,-0.235931396484375,0.0771331787109375
-0.6056385040283203,0.3613474369049072,1.5232877731323242,-0.2794647216796875,-0.235931396484375,0.0771331787109375
-0.6056385040283203,0.3613474369049072,1.5232877731323242,-0.2794647216796875,-0.235931396484375,0.0771331787109375
-0.6056385040283203,0.3613474369049072,1.5232877731323242,-0.2794647216796875,-0.235931396484375,0.0771331787109375
-0.6056385040283203,0.3613474369049072,1.5232877731323242,-0.2794647216796875,-0.235931396484375,0.0771331787109375
-0.6056385040283203,0.3613474369049072,1.5232877731323242,-0.2794647216796875,-0.235931396484375,0.0771331787109375
-0.6056385040283203,0.3613474369049072,1.5232877731323242,-0.2794647216796875,-0.235931396484375,0.0771331787109375
-6.669198036193848,-8.123355865478516,13.031410217285156,0.4429931640625,0.1699371337890625,0.892059326171875
-6.669198036193848,-8.123355865478516,13.031410217285156,0.4429931640625,0.1699371337890625,0.892059326171875
-6.669198036193848,-8.123355865478516,13.031410217285156,0.4429931640625,0.1699371337890625,0.892059326171875
-6.669198036193848,-8.123355865478516,13.031410217285156,0.4429931640625,0.1699371337890625,0.892059326171875
-6.669198036193848,-8.123355865478516,13.031410217285156,0.4429931640625,0.1699371337890625,0.892059326171875
-6.669198036193848,-8.123355865478516,13.031410217285156,0.4429931640625,0.1699371337890625,0.892059326171875
-6.669198036193848,-8.123355865478516,13.031410217285156,0.4429931640625,0.1699371337890625,0.892059326171875
-6.669198036193848,-8.123355865478516,13.031410217285156,0.4429931640625,0.1699371337890625,0.892059326171875
-6.669198036193848,-8.123355865478516,13.031410217285156,0.4429931640625,0.1699371337890625,0.892059326171875
-6.669198036193848,-8.123355865478516,13.031410217285156,0.4429931640625,0.1699371337890625,0.892059326171875
-6.669198036193848,-8.123355865478516,13.031410217285156,0.4429931640625,0.1699371337890625,0.892059326171875
-6.669198036193848,-8.123355865478516,13.031410217285156,0.4429931640625,0.1699371337890625,0.892059326171875
-6.669198036193848,-8.123355865478516,13.031410217285156,0.4429931640625,0.1699371337890625,0.892059326171875
-6.669198036193848,-8.123355865478516,13.031410217285156,0.4429931640625,0.1699371337890625,0.892059326171875
-6.669198036193848,-8.123355865478516,13.031410217285156,0.4429931640625,0.1699371337890625,0.892059326171875
-6.669198036193848,-8.123355865478516,13.031410217285156,0.4429931640625,0.1699371337890625,0.892059326171875
10.4776611328125,-22.965158462524414,0.20262670516967773,0.4429931640625,0.1699371337890625,0.892059326171875
10.4776611328125,-22.965158462524414,0.20262670516967773,9.160919189453125,1.63446044921875,4.793701171875
10.4776611328125,-22.965158462524414,0.20262670516967773,9.160919189453125,1.63446044921875,4.793701171875
10.4776611328125,-22.965158462524414,0.20262670516967773,9.160919189453125,1.63446044921875,4.793701171875
10.4776611328125,-22.965158462524414,0.20262670516967773,9.160919189453125,1.63446044921875,4.793701171875
10.4776611328125,-22.965158462524414,0.20262670516967773,9.160919189453125,1.63446044921875,4.793701171875
10.4776611328125,-22.965158462524414,0.20262670516967773,9.160919189453125,1.63446044921875,4.793701171875
10.4776611328125,-22.965158462524414,0.20262670516967773,9.160919189453125,1.63446044921875,4.793701171875
10.4776611328125,-22.965158462524414,0.20262670516967773,9.160919189453125,1.63446044921875,4.793701171875
10.4776611328125,-22.965158462524414,0.20262670516967773,9.160919189453125,1.63446044921875,4.793701171875
10.4776611328125,-22.965158462524414,0.20262670516967773,9.160919189453125,1.63446044921875,4.793701171875
10.4776611328125,-22.965158462524414,0.20262670516967773,9.160919189453125,1.63446044921875,4.793701171875
10.4776611328125,-22.965158462524414,0.20262670516967773,9.160919189453125,1.63446044921875,4.793701171875
10.4776611328125,-22.965158462524414,0.20262670516967773,9.160919189453125,1.63446044921875,4.793701171875
10.4776611328125,-22.965158462524414,0.20262670516967773,9.160919189453125,1.63446044921875,4.793701171875
10.4776611328125,-22.965158462524414,0.20262670516967773,9.160919189453125,1.63446044921875,4.793701171875
-20.656715393066406,15.335638046264648,10.387446403503418,9.160919189453125,1.63446044921875,4.793701171875
-20.656715393066406,15.335638046264648,10.387446403503418,-2.88189697265625,-1.9258575439453125,-6.1026763916015625
-20.656715393066406,15.335638046264648,10.387446403503418,-2.88189697265625,-1.9258575439453125,-6.1026763916015625
-20.656715393066406,15.335638046264648,10.387446403503418,-2.88189697265625,-1.9258575439453125,-6.1026763916015625
-20.656715393066406,15.335638046264648,10.387446403503418,-2.88189697265625,-1.9258575439453125,-6.1026763916015625
-20.656715393066406,15.335638046264648,10.387446403503418,-2.88189697265625,-1.9258575439453125,-6.1026763916015625
-20.656715393066406,15.335638046264648,10.387446403503418,-2.88189697265625,-1.9258575439453125,-6.1026763916015625
-20.656715393066406,15.335638046264648,10.387446403503418,-2.88189697265625,-1.9258575439453125,-6.1026763916015625
-20.656715393066406,15.335638046264648,10.387446403503418,-2.88189697265625,-1.9258575439453125,-6.1026763916015625
-20.656715393066406,15.335638046264648,10.387446403503418,-2.88189697265625,-1.9258575439453125,-6.1026763916015625
-20.656715393066406,15.335638046264648,10.387446403503418,-2.88189697265625,-1.9258575439453125,-6.1026763916015625
-20.656715393066406,15.335638046264648,10.387446403503418,-2.88189697265625,-1.9258575439453125,-6.1026763916015625
-20.656715393066406,15.335638046264648,10.387446403503418,-2.88189697265625,-1.9258575439453125,-6.1026763916015625
-20.656715393066406,15.335638046264648,10.387446403503418,-2.88189697265625,-1.9258575439453125,-6.1026763916015625
-20.656715393066406,15.335638046264648,10.387446403503418,-2.88189697265625,-1.9258575439453125,-6.1026763916015625
-20.656715393066406,15.335638046264648,10.387446403503418,-2.88189697265625,-1.9258575439453125,-6.1026763916015625
9.280957221984863,-19.464250564575195,0.9170694351196289,2.2984771728515625,-0.248291015625,5.0033416748046875
9.280957221984863,-19.464250564575195,0.9170694351196289,2.2984771728515625,-0.248291015625,5.0033416748046875
9.280957221984863,-19.464250564575195,0.9170694351196289,2.2984771728515625,-0.248291015625,5.0033416748046875
9.280957221984863,-19.464250564575195,0.9170694351196289,2.2984771728515625,-0.248291015625,5.0033416748046875
9.280957221984863,-19.464250564575195,0.9170694351196289,2.2984771728515625,-0.248291015625,5.0033416748046875
9.280957221984863,-19.464250564575195,0.9170694351196289,2.2984771728515625,-0.248291015625,5.0033416748046875
9.280957221984863,-19.464250564575195,0.9170694351196289,2.2984771728515625,-0.248291015625,5.0033416748046875
9.280957221984863,-19.464250564575195,0.9170694351196289,2.2984771728515625,-0.248291015625,5.0033416748046875
9.280957221984863,-19.464250564575195,0.9170694351196289,2.2984771728515625,-0.248291015625,5.0033416748046875
9.280957221984863,-19.464250564575195,0.9170694351196289,2.2984771728515625,-0.248291015625,5.0033416748046875
9.280957221984863,-19.464250564575195,0.9170694351196289,2.2984771728515625,-0.248291015625,5.0033416748046875
9.280957221984863,-19.464250564575195,0.9170694351196289,2.2984771728515625,-0.248291015625,5.0033416748046875
9.280957221984863,-19.464250564575195,0.9170694351196289,2.2984771728515625,-0.248291015625,5.0033416748046875
9.280957221984863,-19.464250564575195,0.9170694351196289,2.2984771728515625,-0.248291015625,5.0033416748046875
9.280957221984863,-19.464250564575195,0.9170694351196289,2.2984771728515625,-0.248291015625,5.0033416748046875
9.280957221984863,-19.464250564575195,0.9170694351196289,2.2984771728515625,-0.248291015625,5.0033416748046875
9.280957221984863,-19.464250564575195,0.9170694351196289,2.2984771728515625,-0.248291015625,5.0033416748046875
-15.300442695617676,5.1383280754089355,18.060134887695312,-3.2295989990234375,-0.5469818115234375,-4.0731353759765625
-15.300442695617676,5.1383280754089355,18.060134887695312,-3.2295989990234375,-0.5469818115234375,-4.0731353759765625
-15.300442695617676,5.1383280754089355,18.060134887695312,-3.2295989990234375,-0.5469818115234375,-4.0731353759765625
-15.300442695617676,5.1383280754089355,18.060134887695312,-3.2295989990234375,-0.5469818115234375,-4.0731353759765625
-15.300442695617676,5.1383280754089355,18.060134887695312,-3.2295989990234375,-0.5469818115234375,-4.0731353759765625
-15.300442695617676,5.1383280754089355,18.060134887695312,-3.2295989990234375,-0.5469818115234375,-4.0731353759765625
-15.300442695617676,5.1383280754089355,18.060134887695312,-3.2295989990234375,-0.5469818115234375,-4.0731353759765625
-15.300442695617676,5.1383280754089355,18.060134887695312,-3.2295989990234375,-0.5469818115234375,-4.0731353759765625
-15.300442695617676,5.1383280754089355,18.060134887695312,-3.2295989990234375,-0.5469818115234375,-4.0731353759765625
-15.300442695617676,5.1383280754089355,18.060134887695312,-3.2295989990234375,-0.5469818115234375,-4.0731353759765625
-15.300442695617676,5.1383280754089355,18.060134887695312,-3.2295989990234375,-0.5469818115234375,-4.0731353759765625
-15.300442695617676,5.1383280754089355,18.060134887695312,-3.2295989990234375,-0.5469818115234375,-4.0731353759765625
-15.300442695617676,5.1383280754089355,18.060134887695312,-3.2295989990234375,-0.5469818115234375,-4.0731353759765625
-15.300442695617676,5.1383280754089355,18.060134887695312,-3.2295989990234375,-0.5469818115234375,-4.0731353759765625
-15.300442695617676,5.1383280754089355,18.060134887695312,-3.2295989990234375,-0.5469818115234375,-4.0731353759765625
-15.300442695617676,5.1383280754089355,18.060134887695312,-3.2295989990234375,-0.5469818115234375,-4.0731353759765625
-15.300442695617676,5.1383280754089355,18.060134887695312,-3.2295989990234375,-0.5469818115234375,-4.0731353759765625
-15.300442695617676,5.1383280754089355,18.060134887695312,-3.2295989990234375,-0.5469818115234375,-4.0731353759765625
-0.6759216785430908,-12.011066436767578,1.43843674659729,1.7960968017578125,-1.318450927734375,1.3090057373046875
-0.6759216785430908,-12.011066436767578,1.43843674659729,1.7960968017578125,-1.318450927734375,1.3090057373046875
-0.6759216785430908,-12.011066436767578,1.43843674659729,1.7960968017578125,-1.318450927734375,1.3090057373046875
-0.6759216785430908,-12.011066436767578,1.43843674659729,1.7960968017578125,-1.318450927734375,1.3090057373046875
-0.6759216785430908,-12.011066436767578,1.43843674659729,1.7960968017578125,-1.318450927734375,1.3090057373046875
-0.6759216785430908,-12.011066436767578,1.43843674659729,1.7960968017578125,-1.318450927734375,1.3090057373046875
-0.6759216785430908,-12.011066436767578,1.43843674659729,1.7960968017578125,-1.318450927734375,1.3090057373046875
-0.6759216785430908,-12.011066436767578,1.43843674659729,1.7960968017578125,-1.318450927734375,1.3090057373046875
-0.6759216785430908,-12.011066436767578,1.43843674659729,1.7960968017578125,-1.318450927734375,1.3090057373046875
-0.6759216785430908,-12.011066436767578,1.43843674659729,1.7960968017578125,-1.318450927734375,1.3090057373046875
-0.6759216785430908,-12.011066436767578,1.43843674659729,1.7960968017578125,-1.318450927734375,1.3090057373046875
-0.6759216785430908,-12.011066436767578,1.43843674659729,1.7960968017578125,-1.318450927734375,1.3090057373046875
-0.6759216785430908,-12.011066436767578,1.43843674659729,1.7960968017578125,-1.318450927734375,1.3090057373046875
-0.6759216785430908,-12.011066436767578,1.43843674659729,1.7960968017578125,-1.318450927734375,1.3090057373046875
7.624598026275635,-16.605693817138672,-1.4291999340057373,1.98614501953125,1.582489013671875,2.9171295166015625
7.624598026275635,-16.605693817138672,-1.4291999340057373,1.98614501953125,1.582489013671875,2.9171295166015625
7.624598026275635,-16.605693817138672,-1.4291999340057373,1.98614501953125,1.582489013671875,2.9171295166015625
7.624598026275635,-16.605693817138672,-1.4291999340057373,1.98614501953125,1.582489013671875,2.9171295166015625
7.624598026275635,-16.605693817138672,-1.4291999340057373,1.98614501953125,1.582489013671875,2.9171295166015625
7.624598026275635,-16.605693817138672,-1.4291999340057373,1.98614501953125,1.582489013671875,2.9171295166015625
7.624598026275635,-16.605693817138672,-1.4291999340057373,1.98614501953125,1.582489013671875,2.9171295166015625
7.624598026275635,-16.605693817138672,-1.4291999340057373,1.98614501953125,1.582489013671875,2.9171295166015625
7.624598026275635,-16.605693817138672,-1.4291999340057373,1.98614501953125,1.582489013671875,2.9171295166015625
7.624598026275635,-16.605693817138672,-1.4291999340057373,1.98614501953125,1.582489013671875,2.9171295166015625
7.624598026275635,-16.605693817138672,-1.4291999340057373,1.98614501953125,1.582489013671875,2.9171295166015625
7.624598026275635,-16.605693817138672,-1.4291999340057373,1.98614501953125,1.582489013671875,2.9171295166015625
7.624598026275635,-16.605693817138672,-1.4291999340057373,1.98614501953125,1.582489013671875,2.9171295166015625
-16.107080459594727,1.071805715560913,18.596452713012695,-6.2404632568359375,2.0850677490234375,-6.2396697998046875
-16.107080459594727,1.071805715560913,18.596452713012695,-6.2404632568359375,2.0850677490234375,-6.2396697998046875
-16.107080459594727,1.071805715560913,18.596452713012695,-6.2404632568359375,2.0850677490234375,-6.2396697998046875
-16.107080459594727,1.071805715560913,18.596452713012695,-6.2404632568359375,2.0850677490234375,-6.2396697998046875
-16.107080459594727,1.071805715560913,18.596452713012695,-6.2404632568359375,2.0850677490234375,-6.2396697998046875
-16.107080459594727,1.071805715560913,18.596452713012695,-6.2404632568359375,2.0850677490234375,-6.2396697998046875
-16.107080459594727,1.071805715560913,18.596452713012695,-6.2404632568359375,2.0850677490234375,-6.2396697998046875
-16.107080459594727,1.071805715560913,18.596452713012695,-6.2404632568359375,2.0850677490234375,-6.2396697998046875
-16.107080459594727,1.071805715560913,18.596452713012695,-6.2404632568359375,2.0850677490234375,-6.2396697998046875
-16.107080459594727,1.071805715560913,18.596452713012695,-6.2404632568359375,2.0850677490234375,-6.2396697998046875
-16.107080459594727,1.071805715560913,18.596452713012695,-6.2404632568359375,2.0850677490234375,-6.2396697998046875
-16.107080459594727,1.071805715560913,18.596452713012695,-6.2404632568359375,2.0850677490234375,-6.2396697998046875
-16.107080459594727,1.071805715560913,18.596452713012695,-6.2404632568359375,2.0850677490234375,-6.2396697998046875
4.126132965087891,-12.929143905639648,3.8354527950286865,0.788787841796875,-0.1366424560546875,1.32562255859375
4.126132965087891,-12.929143905639648,3.8354527950286865,0.788787841796875,-0.1366424560546875,1.32562255859375
4.126132965087891,-12.929143905639648,3.8354527950286865,0.788787841796875,-0.1366424560546875,1.32562255859375
4.126132965087891,-12.929143905639648,3.8354527950286865,0.788787841796875,-0.1366424560546875,1.32562255859375
4.126132965087891,-12.929143905639648,3.8354527950286865,0.788787841796875,-0.1366424560546875,1.32562255859375
4.126132965087891,-12.929143905639648,3.8354527950286865,0.788787841796875,-0.1366424560546875,1.32562255859375
4.126132965087891,-12.929143905639648,3.8354527950286865,0.788787841796875,-0.1366424560546875,1.32562255859375
4.126132965087891,-12.929143905639648,3.8354527950286865,0.788787841796875,-0.1366424560546875,1.32562255859375
4.126132965087891,-12.929143905639648,3.8354527950286865,0.788787841796875,-0.1366424560546875,1.32562255859375
4.126132965087891,-12.929143905639648,3.8354527950286865,0.788787841796875,-0.1366424560546875,1.32562255859375
4.126132965087891,-12.929143905639648,3.8354527950286865,0.788787841796875,-0.1366424560546875,1.32562255859375
4.126132965087891,-12.929143905639648,3.8354527950286865,0.788787841796875,-0.1366424560546875,1.32562255859375
4.126132965087891,-12.929143905639648,3.8354527950286865,0.788787841796875,-0.1366424560546875,1.32562255859375
4.126132965087891,-12.929143905639648,3.8354527950286865,0.788787841796875,-0.1366424560546875,1.32562255859375
4.126132965087891,-12.929143905639648,3.8354527950286865,0.788787841796875,-0.1366424560546875,1.32562255859375
4.126132965087891,-12.929143905639648,3.8354527950286865,0.788787841796875,-0.1366424560546875,1.32562255859375
-6.6660003662109375,0.5303671360015869,9.708871841430664,-0.605010986328125,0.6273651123046875,-0.6380767822265625
-6.6660003662109375,0.5303671360015869,9.708871841430664,-0.605010986328125,0.6273651123046875,-0.6380767822265625
-6.6660003662109375,0.5303671360015869,9.708871841430664,-0.605010986328125,0.6273651123046875,-0.6380767822265625
-6.6660003662109375,0.5303671360015869,9.708871841430664,-0.605010986328125,0.6273651123046875,-0.6380767822265625
-6.6660003662109375,0.5303671360015869,9.708871841430664,-0.605010986328125,0.6273651123046875,-0.6380767822265625
-6.6660003662109375,0.5303671360015869,9.708871841430664,-0.605010986328125,0.6273651123046875,-0.6380767822265625
-6.6660003662109375,0.5303671360015869,9.708871841430664,-0.605010986328125,0.6273651123046875,-0.6380767822265625
-6.6660003662109375,0.5303671360015869,9.708871841430664,-0.605010986328125,0.6273651123046875,-0.6380767822265625
-6.6660003662109375,0.5303671360015869,9.708871841430664,-0.605010986328125,0.6273651123046875,-0.6380767822265625
-6.6660003662109375,0.5303671360015869,9.708871841430664,-0.605010986328125,0.6273651123046875,-0.6380767822265625
-6.6660003662109375,0.5303671360015869,9.708871841430664,-0.605010986328125,0.6273651123046875,-0.6380767822265625
-6.6660003662109375,0.5303671360015869,9.708871841430664,-0.605010986328125,0.6273651123046875,-0.6380767822265625
-6.6660003662109375,0.5303671360015869,9.708871841430664,-0.605010986328125,0.6273651123046875,-0.6380767822265625
-6.6660003662109375,0.5303671360015869,9.708871841430664,-0.605010986328125,0.6273651123046875,-0.6380767822265625
-6.6660003662109375,0.5303671360015869,9.708871841430664,-0.605010986328125,0.6273651123046875,-0.6380767822265625
-6.6660003662109375,0.5303671360015869,9.708871841430664,-0.605010986328125,0.6273651123046875,-0.6380767822265625
-6.6660003662109375,0.5303671360015869,9.708871841430664,-0.605010986328125,0.6273651123046875,-0.6380767822265625
-6.6660003662109375,0.5303671360015869,9.708871841430664,-0.605010986328125,0.6273651123046875,-0.6380767822265625
-2.6833510398864746,-4.912121772766113,-0.765662431716919,1.4633026123046875,-0.2757568359375,-0.6521453857421875
-2.6833510398864746,-4.912121772766113,-0.765662431716919,1.4633026123046875,-0.2757568359375,-0.6521453857421875
-2.6833510398864746,-4.912121772766113,-0.765662431716919,1.4633026123046875,-0.2757568359375,-0.6521453857421875
-2.6833510398864746,-4.912121772766113,-0.765662431716919,1.4633026123046875,-0.2757568359375,-0.6521453857421875
-2.6833510398864746,-4.912121772766113,-0.765662431716919,1.4633026123046875,-0.2757568359375,-0.6521453857421875
-2.6833510398864746,-4.912121772766113,-0.765662431716919,1.4633026123046875,-0.2757568359375,-0.6521453857421875
-2.6833510398864746,-4.912121772766113,-0.765662431716919,1.4633026123046875,-0.2757568359375,-0.6521453857421875
-2.6833510398864746,-4.912121772766113,-0.765662431716919,1.4633026123046875,-0.2757568359375,-0.6521453857421875
-2.6833510398864746,-4.912121772766113,-0.765662431716919,1.4633026123046875,-0.2757568359375,-0.6521453857421875
-2.6833510398864746,-4.912121772766113,-0.765662431716919,1.4633026123046875,-0.2757568359375,-0.6521453857421875
-2.6833510398864746,-4.912121772766113,-0.765662431716919,1.4633026123046875,-0.2757568359375,-0.6521453857421875
-2.6833510398864746,-4.912121772766113,-0.765662431716919,1.4633026123046875,-0.2757568359375,-0.6521453857421875
-2.6833510398864746,-4.912121772766113,-0.765662431716919,1.4633026123046875,-0.2757568359375,-0.6521453857421875
-2.6833510398864746,-4.912121772766113,-0.765662431716919,1.4633026123046875,-0.2757568359375,-0.6521453857421875
-2.6833510398864746,-4.912121772766113,-0.765662431716919,1.4633026123046875,-0.2757568359375,-0.6521453857421875
3.1777803897857666,-10.785778045654297,12.225489616394043,-1.537109375,1.00872802734375,2.111572265625
3.1777803897857666,-10.785778045654297,12.225489616394043,-1.537109375,1.00872802734375,2.111572265625
3.1777803897857666,-10.785778045654297,12.225489616394043,-1.537109375,1.00872802734375,2.111572265625
3.1777803897857666,-10.785778045654297,12.225489616394043,-1.537109375,1.00872802734375,2.111572265625
3.1777803897857666,-10.785778045654297,12.225489616394043,-1.537109375,1.00872802734375,2.111572265625
3.1777803897857666,-10.785778045654297,12.225489616394043,-1.537109375,1.00872802734375,2.111572265625
3.1777803897857666,-10.785778045654297,12.225489616394043,-1.537109375,1.00872802734375,2.111572265625
3.1777803897857666,-10.785778045654297,12.225489616394043,-1.537109375,1.00872802734375,2.111572265625
3.1777803897857666,-10.785778045654297,12.225489616394043,-1.537109375,1.00872802734375,2.111572265625
3.1777803897857666,-10.785778045654297,12.225489616394043,-1.537109375,1.00872802734375,2.111572265625
3.1777803897857666,-10.785778045654297,12.225489616394043,-1.537109375,1.00872802734375,2.111572265625
3.1777803897857666,-10.785778045654297,12.225489616394043,-1.537109375,1.00872802734375,2.111572265625
3.1777803897857666,-10.785778045654297,12.225489616394043,-1.537109375,1.00872802734375,2.111572265625
3.1777803897857666,-10.785778045654297,12.225489616394043,-1.537109375,1.00872802734375,2.111572265625
3.1777803897857666,-10.785778045654297,12.225489616394043,-1.537109375,1.00872802734375,2.111572265625
3.1777803897857666,-10.785778045654297,12.225489616394043,-1.537109375,1.00872802734375,2.111572265625
-6.564380168914795,5.013824462890625,0.7311673164367676,0.89276123046875,-0.6264495849609375,-3.328948974609375
-6.564380168914795,5.013824462890625,0.7311673164367676,0.89276123046875,-0.6264495849609375,-3.328948974609375
-6.564380168914795,5.013824462890625,0.7311673164367676,0.89276123046875,-0.6264495849609375,-3.328948974609375
-6.564380168914795,5.013824462890625,0.7311673164367676,0.89276123046875,-0.6264495849609375,-3.328948974609375
-6.564380168914795,5.013824462890625,0.7311673164367676,0.89276123046875,-0.6264495849609375,-3.328948974609375
-6.564380168914795,5.013824462890625,0.7311673164367676,0.89276123046875,-0.6264495849609375,-3.328948974609375
-6.564380168914795,5.013824462890625,0.7311673164367676,0.89276123046875,-0.6264495849609375,-3.328948974609375
-6.564380168914795,5.013824462890625,0.7311673164367676,0.89276123046875,-0.6264495849609375,-3.328948974609375
-6.564380168914795,5.013824462890625,0.7311673164367676,0.89276123046875,-0.6264495849609375,-3.328948974609375
-6.564380168914795,5.013824462890625,0.7311673164367676,0.89276123046875,-0.6264495849609375,-3.328948974609375
-6.564380168914795,5.013824462890625,0.7311673164367676,0.89276123046875,-0.6264495849609375,-3.328948974609375
-2.1392476558685303,-8.993112564086914,16.369171142578125,1.58453369140625,3.415802001953125,3.9911346435546875
-2.1392476558685303,-8.993112564086914,16.369171142578125,1.58453369140625,3.415802001953125,3.9911346435546875
-2.1392476558685303,-8.993112564086914,16.369171142578125,1.58453369140625,3.415802001953125,3.9911346435546875
-2.1392476558685303,-8.993112564086914,16.369171142578125,1.58453369140625,3.415802001953125,3.9911346435546875
-2.1392476558685303,-8.993112564086914,16.369171142578125,1.58453369140625,3.415802001953125,3.9911346435546875
-2.1392476558685303,-8.993112564086914,16.369171142578125,1.58453369140625,3.415802001953125,3.9911346435546875
-2.1392476558685303,-8.993112564086914,16.369171142578125,1.58453369140625,3.415802001953125,3.9911346435546875
-2.1392476558685303,-8.993112564086914,16.369171142578125,1.58453369140625,3.415802001953125,3.9911346435546875
-2.1392476558685303,-8.993112564086914,16.369171142578125,1.58453369140625,3.415802001953125,3.9911346435546875
-2.1392476558685303,-8.993112564086914,16.369171142578125,1.58453369140625,3.415802001953125,3.9911346435546875
-2.1392476558685303,-8.993112564086914,16.369171142578125,1.58453369140625,3.415802001953125,3.9911346435546875
-2.1392476558685303,-8.993112564086914,16.369171142578125,1.58453369140625,3.415802001953125,3.9911346435546875
-2.1392476558685303,-8.993112564086914,16.369171142578125,1.58453369140625,3.415802001953125,3.9911346435546875
5.93725061416626,-5.441842079162598,-0.8144783973693848,7.313751220703125,-1.0627899169921875,2.19573974609375
5.93725061416626,-5.441842079162598,-0.8144783973693848,7.313751220703125,-1.0627899169921875,2.19573974609375
5.93725061416626,-5.441842079162598,-0.8144783973693848,7.313751220703125,-1.0627899169921875,2.19573974609375
5.93725061416626,-5.441842079162598,-0.8144783973693848,7.313751220703125,-1.0627899169921875,2.19573974609375
5.93725061416626,-5.441842079162598,-0.8144783973693848,7.313751220703125,-1.0627899169921875,2.19573974609375
5.93725061416626,-5.441842079162598,-0.8144783973693848,7.313751220703125,-1.0627899169921875,2.19573974609375
5.93725061416626,-5.441842079162598,-0.8144783973693848,7.313751220703125,-1.0627899169921875,2.19573974609375
5.93725061416626,-5.441842079162598,-0.8144783973693848,7.313751220703125,-1.0627899169921875,2.19573974609375
5.93725061416626,-5.441842079162598,-0.8144783973693848,7.313751220703125,-1.0627899169921875,2.19573974609375
5.93725061416626,-5.441842079162598,-0.8144783973693848,7.313751220703125,-1.0627899169921875,2.19573974609375
5.93725061416626,-5.441842079162598,-0.8144783973693848,7.313751220703125,-1.0627899169921875,2.19573974609375
5.93725061416626,-5.441842079162598,-0.8144783973693848,7.313751220703125,-1.0627899169921875,2.19573974609375
5.93725061416626,-5.441842079162598,-0.8144783973693848,7.313751220703125,-1.0627899169921875,2.19573974609375
5.93725061416626,-5.441842079162598,-0.8144783973693848,7.313751220703125,-1.0627899169921875,2.19573974609375
5.93725061416626,-5.441842079162598,-0.8144783973693848,7.313751220703125,-1.0627899169921875,2.19573974609375
5.93725061416626,-5.441842079162598,-0.8144783973693848,7.313751220703125,-1.0627899169921875,2.19573974609375
5.93725061416626,-5.441842079162598,-0.8144783973693848,7.313751220703125,-1.0627899169921875,2.19573974609375
-3.155334949493408,1.033253788948059,4.7472381591796875,1.7372894287109375,0.576446533203125,-0.01043701171875
-3.155334949493408,1.033253788948059,4.7472381591796875,1.7372894287109375,0.576446533203125,-0.01043701171875
-3.155334949493408,1.033253788948059,4.7472381591796875,1.7372894287109375,0.576446533203125,-0.01043701171875
-3.155334949493408,1.033253788948059,4.7472381591796875,1.7372894287109375,0.576446533203125,-0.01043701171875
-3.155334949493408,1.033253788948059,4.7472381591796875,1.7372894287109375,0.576446533203125,-0.01043701171875
-3.155334949493408,1.033253788948059,4.7472381591796875,1.7372894287109375,0.576446533203125,-0.01043701171875
-3.155334949493408,1.033253788948059,4.7472381591796875,1.7372894287109375,0.576446533203125,-0.01043701171875
-3.155334949493408,1.033253788948059,4.7472381591796875,1.7372894287109375,0.576446533203125,-0.01043701171875
-3.155334949493408,1.033253788948059,4.7472381591796875,1.7372894287109375,0.576446533203125,-0.01043701171875
-3.155334949493408,1.033253788948059,4.7472381591796875,1.7372894287109375,0.576446533203125,-0.01043701171875
-3.155334949493408,1.033253788948059,4.7472381591796875,1.7372894287109375,0.576446533203125,-0.01043701171875
-3.155334949493408,1.033253788948059,4.7472381591796875,1.7372894287109375,0.576446533203125,-0.01043701171875
-3.155334949493408,1.033253788948059,4.7472381591796875,1.7372894287109375,0.576446533203125,-0.01043701171875
-0.3069993257522583,9.042928695678711,-16.009550094604492,2.4441986083984375,-0.8757171630859375,-1.810302734375
-0.3069993257522583,9.042928695678711,-16.009550094604492,2.4441986083984375,-0.8757171630859375,-1.810302734375
-0.3069993257522583,9.042928695678711,-16.009550094604492,2.4441986083984375,-0.8757171630859375,-1.810302734375
-0.3069993257522583,9.042928695678711,-16.009550094604492,2.4441986083984375,-0.8757171630859375,-1.810302734375
-0.3069993257522583,9.042928695678711,-16.009550094604492,2.4441986083984375,-0.8757171630859375,-1.810302734375
-0.3069993257522583,9.042928695678711,-16.009550094604492,2.4441986083984375,-0.8757171630859375,-1.810302734375
-0.3069993257522583,9.042928695678711,-16.009550094604492,2.4441986083984375,-0.8757171630859375,-1.810302734375
-0.3069993257522583,9.042928695678711,-16.009550094604492,2.4441986083984375,-0.8757171630859375,-1.810302734375
-0.3069993257522583,9.042928695678711,-16.009550094604492,2.4441986083984375,-0.8757171630859375,-1.810302734375
-0.3069993257522583,9.042928695678711,-16.009550094604492,2.4441986083984375,-0.8757171630859375,-1.810302734375
-0.3069993257522583,9.042928695678711,-16.009550094604492,2.4441986083984375,-0.8757171630859375,-1.810302734375
-0.3069993257522583,9.042928695678711,-16.009550094604492,2.4441986083984375,-0.8757171630859375,-1.810302734375
-0.3069993257522583,9.042928695678711,-16.009550094604492,2.4441986083984375,-0.8757171630859375,-1.810302734375
-0.3069993257522583,9.042928695678711,-16.009550094604492,2.4441986083984375,-0.8757171630859375,-1.810302734375
-0.3069993257522583,9.042928695678711,-16.009550094604492,-0.0142059326171875,5.193084716796875,0.4109954833984375
-2.618044376373291,0.8940773010253906,10.94528579711914,-0.0142059326171875,5.193084716796875,0.4109954833984375
-2.618044376373291,0.8940773010253906,10.94528579711914,-0.0142059326171875,5.193084716796875,0.4109954833984375
-2.618044376373291,0.8940773010253906,10.94528579711914,-0.0142059326171875,5.193084716796875,0.4109954833984375
-2.618044376373291,0.8940773010253906,10.94528579711914,-0.0142059326171875,5.193084716796875,0.4109954833984375
-2.618044376373291,0.8940773010253906,10.94528579711914,-0.0142059326171875,5.193084716796875,0.4109954833984375
-2.618044376373291,0.8940773010253906,10.94528579711914,-0.0142059326171875,5.193084716796875,0.4109954833984375
-2.618044376373291,0.8940773010253906,10.94528579711914,-0.0142059326171875,5.193084716796875,0.4109954833984375
-2.618044376373291,0.8940773010253906,10.94528579711914,-0.0142059326171875,5.193084716796875,0.4109954833984375
-2.618044376373291,0.8940773010253906,10.94528579711914,-0.0142059326171875,5.193084716796875,0.4109954833984375
-2.618044376373291,0.8940773010253906,10.94528579711914,-0.0142059326171875,5.193084716796875,0.4109954833984375
-2.618044376373291,0.8940773010253906,10.94528579711914,-0.0142059326171875,5.193084716796875,0.4109954833984375
-2.618044376373291,0.8940773010253906,10.94528579711914,-0.0142059326171875,5.193084716796875,0.4109954833984375
-2.618044376373291,0.8940773010253906,10.94528579711914,-0.0142059326171875,5.193084716796875,0.4109954833984375
-11.419878005981445,12.513541221618652,-11.192228317260742,-1.253753662109375,-6.77642822265625,-3.1386871337890625
-11.419878005981445,12.513541221618652,-11.192228317260742,-1.253753662109375,-6.77642822265625,-3.1386871337890625
-11.419878005981445,12.513541221618652,-11.192228317260742,-1.253753662109375,-6.77642822265625,-3.1386871337890625
-11.419878005981445,12.513541221618652,-11.192228317260742,-1.253753662109375,-6.77642822265625,-3.1386871337890625
-11.419878005981445,12.513541221618652,-11.192228317260742,-1.253753662109375,-6.77642822265625,-3.1386871337890625
-11.419878005981445,12.513541221618652,-11.192228317260742,-1.253753662109375,-6.77642822265625,-3.1386871337890625
-11.419878005981445,12.513541221618652,-11.192228317260742,-1.253753662109375,-6.77642822265625,-3.1386871337890625
-11.419878005981445,12.513541221618652,-11.192228317260742,-1.253753662109375,-6.77642822265625,-3.1386871337890625
-11.419878005981445,12.513541221618652,-11.192228317260742,-1.253753662109375,-6.77642822265625,-3.1386871337890625
-11.419878005981445,12.513541221618652,-11.192228317260742,-1.253753662109375,-6.77642822265625,-3.1386871337890625
-11.419878005981445,12.513541221618652,-11.192228317260742,-1.253753662109375,-6.77642822265625,-3.1386871337890625
-11.419878005981445,12.513541221618652,-11.192228317260742,-1.253753662109375,-6.77642822265625,-3.1386871337890625
-11.419878005981445,12.513541221618652,-11.192228317260742,-1.253753662109375,-6.77642822265625,-3.1386871337890625
-4.189769744873047,-2.9277377128601074,9.072959899902344,0.0279693603515625,1.965972900390625,1.86187744140625
-4.189769744873047,-2.9277377128601074,9.072959899902344,0.0279693603515625,1.965972900390625,1.86187744140625
-4.189769744873047,-2.9277377128601074,9.072959899902344,0.0279693603515625,1.965972900390625,1.86187744140625
-4.189769744873047,-2.9277377128601074,9.072959899902344,0.0279693603515625,1.965972900390625,1.86187744140625
-4.189769744873047,-2.9277377128601074,9.072959899902344,0.0279693603515625,1.965972900390625,1.86187744140625
-4.189769744873047,-2.9277377128601074,9.072959899902344,0.0279693603515625,1.965972900390625,1.86187744140625
-4.189769744873047,-2.9277377128601074,9.072959899902344,0.0279693603515625,1.965972900390625,1.86187744140625
-4.189769744873047,-2.9277377128601074,9.072959899902344,0.0279693603515625,1.965972900390625,1.86187744140625
-4.189769744873047,-2.9277377128601074,9.072959899902344,0.0279693603515625,1.965972900390625,1.86187744140625
-4.189769744873047,-2.9277377128601074,9.072959899902344,0.0279693603515625,1.965972900390625,1.86187744140625
-4.189769744873047,-2.9277377128601074,9.072959899902344,0.0279693603515625,1.965972900390625,1.86187744140625
-4.189769744873047,-2.9277377128601074,9.072959899902344,0.0279693603515625,1.965972900390625,1.86187744140625
-4.189769744873047,-2.9277377128601074,9.072959899902344,0.0279693603515625,1.965972900390625,1.86187744140625
-4.189769744873047,-2.9277377128601074,9.072959899902344,0.0279693603515625,1.965972900390625,1.86187744140625
-4.189769744873047,-2.9277377128601074,9.072959899902344,0.0279693603515625,1.965972900390625,1.86187744140625
-4.189769744873047,-2.9277377128601074,9.072959899902344,0.0279693603515625,1.965972900390625,1.86187744140625
-7.726297855377197,2.2154812812805176,7.310405254364014,-0.4070892333984375,-0.2593536376953125,0.118255615234375
-7.726297855377197,2.2154812812805176,7.310405254364014,-0.4070892333984375,-0.2593536376953125,0.118255615234375
-7.726297855377197,2.2154812812805176,7.310405254364014,-0.4070892333984375,-0.2593536376953125,0.118255615234375
-7.726297855377197,2.2154812812805176,7.310405254364014,-0.4070892333984375,-0.2593536376953125,0.118255615234375
-7.726297855377197,2.2154812812805176,7.310405254364014,-0.4070892333984375,-0.2593536376953125,0.118255615234375
-7.726297855377197,2.2154812812805176,7.310405254364014,-0.4070892333984375,-0.2593536376953125,0.118255615234375
-7.726297855377197,2.2154812812805176,7.310405254364014,-0.4070892333984375,-0.2593536376953125,0.118255615234375
-7.726297855377197,2.2154812812805176,7.310405254364014,-0.4070892333984375,-0.2593536376953125,0.118255615234375
-7.726297855377197,2.2154812812805176,7.310405254364014,-0.4070892333984375,-0.2593536376953125,0.118255615234375
-7.726297855377197,2.2154812812805176,7.310405254364014,-0.4070892333984375,-0.2593536376953125,0.118255615234375
-7.726297855377197,2.2154812812805176,7.310405254364014,-0.4070892333984375,-0.2593536376953125,0.118255615234375
-7.726297855377197,2.2154812812805176,7.310405254364014,-0.4070892333984375,-0.2593536376953125,0.118255615234375
-7.726297855377197,2.2154812812805176,7.310405254364014,-0.4070892333984375,-0.2593536376953125,0.118255615234375
-7.726297855377197,2.2154812812805176,7.310405254364014,-0.4070892333984375,-0.2593536376953125,0.118255615234375
-7.726297855377197,2.2154812812805176,7.310405254364014,-0.4070892333984375,-0.2593536376953125,0.118255615234375
-7.726297855377197,2.2154812812805176,7.310405254364014,-0.4070892333984375,-0.2593536376953125,0.118255615234375
-7.726297855377197,2.2154812812805176,7.310405254364014,-0.4070892333984375,-0.2593536376953125,0.118255615234375
-7.122259616851807,3.839137077331543,0.9928327202796936,-5.0499267578125,-4.490814208984375,-1.1901092529296875
-7.122259616851807,3.839137077331543,0.9928327202796936,-5.0499267578125,-4.490814208984375,-1.1901092529296875
-7.122259616851807,3.839137077331543,0.9928327202796936,-5.0499267578125,-4.490814208984375,-1.1901092529296875
-7.122259616851807,3.839137077331543,0.9928327202796936,-5.0499267578125,-4.490814208984375,-1.1901092529296875
-7.122259616851807,3.839137077331543,0.9928327202796936,-5.0499267578125,-4.490814208984375,-1.1901092529296875
-7.122259616851807,3.839137077331543,0.9928327202796936,-5.0499267578125,-4.490814208984375,-1.1901092529296875
-7.122259616851807,3.839137077331543,0.9928327202796936,-5.0499267578125,-4.490814208984375,-1.1901092529296875
-7.122259616851807,3.839137077331543,0.9928327202796936,-5.0499267578125,-4.490814208984375,-1.1901092529296875
-7.122259616851807,3.839137077331543,0.9928327202796936,-5.0499267578125,-4.490814208984375,-1.1901092529296875
-7.122259616851807,3.839137077331543,0.9928327202796936,-5.0499267578125,-4.490814208984375,-1.1901092529296875
-7.122259616851807,3.839137077331543,0.9928327202796936,-5.0499267578125,-4.490814208984375,-1.1901092529296875
-7.122259616851807,3.839137077331543,0.9928327202796936,-5.0499267578125,-4.490814208984375,-1.1901092529296875
-7.122259616851807,3.839137077331543,0.9928327202796936,-5.0499267578125,-4.490814208984375,-1.1901092529296875
-7.122259616851807,3.839137077331543,0.9928327202796936,-5.0499267578125,-4.490814208984375,-1.1901092529296875
7.348893642425537,-17.972488403320312,8.019526481628418,-1.1514892578125,0.65869140625,4.440460205078125
7.348893642425537,-17.972488403320312,8.019526481628418,-1.1514892578125,0.65869140625,4.440460205078125
7.348893642425537,-17.972488403320312,8.019526481628418,-1.1514892578125,0.65869140625,4.440460205078125
7.348893642425537,-17.972488403320312,8.019526481628418,-1.1514892578125,0.65869140625,4.440460205078125
7.348893642425537,-17.972488403320312,8.019526481628418,-1.1514892578125,0.65869140625,4.440460205078125
7.348893642425537,-17.972488403320312,8.019526481628418,-1.1514892578125,0.65869140625,4.440460205078125
7.348893642425537,-17.972488403320312,8.019526481628418,-1.1514892578125,0.65869140625,4.440460205078125
7.348893642425537,-17.972488403320312,8.019526481628418,-1.1514892578125,0.65869140625,4.440460205078125
7.348893642425537,-17.972488403320312,8.019526481628418,-1.1514892578125,0.65869140625,4.440460205078125
7.348893642425537,-17.972488403320312,8.019526481628418,-1.1514892578125,0.65869140625,4.440460205078125
7.348893642425537,-17.972488403320312,8.019526481628418,-1.1514892578125,0.65869140625,4.440460205078125
7.348893642425537,-17.972488403320312,8.019526481628418,-1.1514892578125,0.65869140625,4.440460205078125
7.348893642425537,-17.972488403320312,8.019526481628418,-1.1514892578125,0.65869140625,4.440460205078125
7.348893642425537,-17.972488403320312,8.019526481628418,-1.1514892578125,0.65869140625,4.440460205078125
7.348893642425537,-17.972488403320312,8.019526481628418,-1.1514892578125,0.65869140625,4.440460205078125
-15.418392181396484,10.939583778381348,11.42654800415039,-1.644500732421875,-0.6865386962890625,-5.799713134765625
-15.418392181396484,10.939583778381348,11.42654800415039,-1.644500732421875,-0.6865386962890625,-5.799713134765625
-15.418392181396484,10.939583778381348,11.42654800415039,-1.644500732421875,-0.6865386962890625,-5.799713134765625
-15.418392181396484,10.939583778381348,11.42654800415039,-1.644500732421875,-0.6865386962890625,-5.799713134765625
-15.418392181396484,10.939583778381348,11.42654800415039,-1.644500732421875,-0.6865386962890625,-5.799713134765625
-15.418392181396484,10.939583778381348,11.42654800415039,-1.644500732421875,-0.6865386962890625,-5.799713134765625
-15.418392181396484,10.939583778381348,11.42654800415039,-1.644500732421875,-0.6865386962890625,-5.799713134765625
-15.418392181396484,10.939583778381348,11.42654800415039,-1.644500732421875,-0.6865386962890625,-5.799713134765625
-15.418392181396484,10.939583778381348,11.42654800415039,-1.644500732421875,-0.6865386962890625,-5.799713134765625
-15.418392181396484,10.939583778381348,11.42654800415039,-1.644500732421875,-0.6865386962890625,-5.799713134765625
-15.418392181396484,10.939583778381348,11.42654800415039,-1.644500732421875,-0.6865386962890625,-5.799713134765625
-15.418392181396484,10.939583778381348,11.42654800415039,-1.644500732421875,-0.6865386962890625,-5.799713134765625
-15.418392181396484,10.939583778381348,11.42654800415039,-1.644500732421875,-0.6865386962890625,-5.799713134765625
-15.418392181396484,10.939583778381348,11.42654800415039,-1.644500732421875,-0.6865386962890625,-5.799713134765625
-15.418392181396484,10.939583778381348,11.42654800415039,-1.644500732421875,-0.6865386962890625,-5.799713134765625
1.5091460943222046,-10.979715347290039,4.32493782043457,2.17108154296875,0.225982666015625,3.9008026123046875
1.5091460943222046,-10.979715347290039,4.32493782043457,2.17108154296875,0.225982666015625,3.9008026123046875
1.5091460943222046,-10.979715347290039,4.32493782043457,2.17108154296875,0.225982666015625,3.9008026123046875
1.5091460943222046,-10.979715347290039,4.32493782043457,2.17108154296875,0.225982666015625,3.9008026123046875
1.5091460943222046,-10.979715347290039,4.32493782043457,2.17108154296875,0.225982666015625,3.9008026123046875
1.5091460943222046,-10.979715347290039,4.32493782043457,2.17108154296875,0.225982666015625,3.9008026123046875
1.5091460943222046,-10.979715347290039,4.32493782043457,2.17108154296875,0.225982666015625,3.9008026123046875
1.5091460943222046,-10.979715347290039,4.32493782043457,2.17108154296875,0.225982666015625,3.9008026123046875
1.5091460943222046,-10.979715347290039,4.32493782043457,2.17108154296875,0.225982666015625,3.9008026123046875
1.5091460943222046,-10.979715347290039,4.32493782043457,2.17108154296875,0.225982666015625,3.9008026123046875
1.5091460943222046,-10.979715347290039,4.32493782043457,2.17108154296875,0.225982666015625,3.9008026123046875
1.5091460943222046,-10.979715347290039,4.32493782043457,2.17108154296875,0.225982666015625,3.9008026123046875
1.5091460943222046,-10.979715347290039,4.32493782043457,2.17108154296875,0.225982666015625,3.9008026123046875
1.5091460943222046,-10.979715347290039,4.32493782043457,2.17108154296875,0.225982666015625,3.9008026123046875
1.5091460943222046,-10.979715347290039,4.32493782043457,2.17108154296875,0.225982666015625,3.9008026123046875
1.5091460943222046,-10.979715347290039,4.32493782043457,2.17108154296875,0.225982666015625,3.9008026123046875
1.5091460943222046,-10.979715347290039,4.32493782043457,2.17108154296875,0.225982666015625,3.9008026123046875
1.5091460943222046,-10.979715347290039,4.32493782043457,2.17108154296875,0.225982666015625,3.9008026123046875
1.5091460943222046,-10.979715347290039,4.32493782043457,2.17108154296875,0.225982666015625,3.9008026123046875
1.5091460943222046,-10.979715347290039,4.32493782043457,2.17108154296875,0.225982666015625,3.9008026123046875
-6.4083170890808105,-0.5264973640441895,13.617148399353027,1.5768585205078125,3.2736968994140625,-0.3881683349609375
-6.4083170890808105,-0.5264973640441895,13.617148399353027,1.5768585205078125,3.2736968994140625,-0.3881683349609375
-6.4083170890808105,-0.5264973640441895,13.617148399353027,1.5768585205078125,3.2736968994140625,-0.3881683349609375
-6.4083170890808105,-0.5264973640441895,13.617148399353027,1.5768585205078125,3.2736968994140625,-0.3881683349609375
-6.4083170890808105,-0.5264973640441895,13.617148399353027,1.5768585205078125,3.2736968994140625,-0.3881683349609375
-6.4083170890808105,-0.5264973640441895,13.617148399353027,1.5768585205078125,3.2736968994140625,-0.3881683349609375
-6.4083170890808105,-0.5264973640441895,13.617148399353027,1.5768585205078125,3.2736968994140625,-0.3881683349609375
-6.4083170890808105,-0.5264973640441895,13.617148399353027,1.5768585205078125,3.2736968994140625,-0.3881683349609375
-6.4083170890808105,-0.5264973640441895,13.617148399353027,1.5768585205078125,3.2736968994140625,-0.3881683349609375
-6.4083170890808105,-0.5264973640441895,13.617148399353027,1.5768585205078125,3.2736968994140625,-0.3881683349609375
-6.4083170890808105,-0.5264973640441895,13.617148399353027,1.5768585205078125,3.2736968994140625,-0.3881683349609375
-6.4083170890808105,-0.5264973640441895,13.617148399353027,1.5768585205078125,3.2736968994140625,-0.3881683349609375
-6.4083170890808105,-0.5264973640441895,13.617148399353027,1.5768585205078125,3.2736968994140625,-0.3881683349609375
-6.4083170890808105,-0.5264973640441895,13.617148399353027,1.5768585205078125,3.2736968994140625,-0.3881683349609375
-6.4083170890808105,-0.5264973640441895,13.617148399353027,1.5768585205078125,3.2736968994140625,-0.3881683349609375
-6.4083170890808105,-0.5264973640441895,13.617148399353027,1.5768585205078125,3.2736968994140625,-0.3881683349609375
-6.4083170890808105,-0.5264973640441895,13.617148399353027,1.5768585205078125,3.2736968994140625,-0.3881683349609375
-6.4083170890808105,-0.5264973640441895,13.617148399353027,1.5768585205078125,3.2736968994140625,-0.3881683349609375
-6.4083170890808105,-0.5264973640441895,13.617148399353027,1.5768585205078125,3.2736968994140625,-0.3881683349609375
-6.4083170890808105,-0.5264973640441895,13.617148399353027,1.5768585205078125,3.2736968994140625,-0.3881683349609375
-6.4083170890808105,-0.5264973640441895,13.617148399353027,1.5768585205078125,3.2736968994140625,-0.3881683349609375
-6.4083170890808105,-0.5264973640441895,13.617148399353027,1.7417755126953125,-2.6314849853515625,-2.52764892578125
-4.1203508377075195,4.973868370056152,0.11013674736022949,1.7417755126953125,-2.6314849853515625,-2.52764892578125
-4.1203508377075195,4.973868370056152,0.11013674736022949,1.7417755126953125,-2.6314849853515625,-2.52764892578125
-4.1203508377075195,4.973868370056152,0.11013674736022949,1.7417755126953125,-2.6314849853515625,-2.52764892578125
-4.1203508377075195,4.973868370056152,0.11013674736022949,1.7417755126953125,-2.6314849853515625,-2.52764892578125
-4.1203508377075195,4.973868370056152,0.11013674736022949,1.7417755126953125,-2.6314849853515625,-2.52764892578125
-4.1203508377075195,4.973868370056152,0.11013674736022949,1.7417755126953125,-2.6314849853515625,-2.52764892578125
-4.1203508377075195,4.973868370056152,0.11013674736022949,1.7417755126953125,-2.6314849853515625,-2.52764892578125
-4.1203508377075195,4.973868370056152,0.11013674736022949,1.7417755126953125,-2.6314849853515625,-2.52764892578125
-4.1203508377075195,4.973868370056152,0.11013674736022949,1.7417755126953125,-2.6314849853515625,-2.52764892578125
-4.1203508377075195,4.973868370056152,0.11013674736022949,1.7417755126953125,-2.6314849853515625,-2.52764892578125
-4.1203508377075195,4.973868370056152,0.11013674736022949,1.7417755126953125,-2.6314849853515625,-2.52764892578125
-4.1203508377075195,4.973868370056152,0.11013674736022949,1.7417755126953125,-2.6314849853515625,-2.52764892578125
-4.1203508377075195,4.973868370056152,0.11013674736022949,1.7417755126953125,-2.6314849853515625,-2.52764892578125
-4.1203508377075195,4.973868370056152,0.11013674736022949,1.7417755126953125,-2.6314849853515625,-2.52764892578125
-4.1203508377075195,4.973868370056152,0.11013674736022949,1.7417755126953125,-2.6314849853515625,-2.52764892578125
-4.1203508377075195,4.973868370056152,0.11013674736022949,1.7417755126953125,-2.6314849853515625,-2.52764892578125
-4.1203508377075195,4.973868370056152,0.11013674736022949,1.7417755126953125,-2.6314849853515625,-2.52764892578125
-4.1203508377075195,4.973868370056152,0.11013674736022949,1.7417755126953125,-2.6314849853515625,-2.52764892578125
6.362059116363525,-10.204647064208984,5.916718482971191,-0.4829254150390625,0.4081268310546875,2.6439971923828125
6.362059116363525,-10.204647064208984,5.916718482971191,-0.4829254150390625,0.4081268310546875,2.6439971923828125
6.362059116363525,-10.204647064208984,5.916718482971191,-0.4829254150390625,0.4081268310546875,2.6439971923828125
6.362059116363525,-10.204647064208984,5.916718482971191,-0.4829254150390625,0.4081268310546875,2.6439971923828125
6.362059116363525,-10.204647064208984,5.916718482971191,-0.4829254150390625,0.4081268310546875,2.6439971923828125
6.362059116363525,-10.204647064208984,5.916718482971191,-0.4829254150390625,0.4081268310546875,2.6439971923828125
6.362059116363525,-10.204647064208984,5.916718482971191,-0.4829254150390625,0.4081268310546875,2.6439971923828125
6.362059116363525,-10.204647064208984,5.916718482971191,-0.4829254150390625,0.4081268310546875,2.6439971923828125
6.362059116363525,-10.204647064208984,5.916718482971191,-0.4829254150390625,0.4081268310546875,2.6439971923828125
6.362059116363525,-10.204647064208984,5.916718482971191,-0.4829254150390625,0.4081268310546875,2.6439971923828125
6.362059116363525,-10.204647064208984,5.916718482971191,-0.4829254150390625,0.4081268310546875,2.6439971923828125
6.362059116363525,-10.204647064208984,5.916718482971191,-0.4829254150390625,0.4081268310546875,2.6439971923828125
6.362059116363525,-10.204647064208984,5.916718482971191,-0.4829254150390625,0.4081268310546875,2.6439971923828125
6.362059116363525,-10.204647064208984,5.916718482971191,-0.4829254150390625,0.4081268310546875,2.6439971923828125
6.362059116363525,-10.204647064208984,5.916718482971191,-0.4829254150390625,0.4081268310546875,2.6439971923828125
6.362059116363525,-10.204647064208984,5.916718482971191,-0.4829254150390625,0.4081268310546875,2.6439971923828125
6.362059116363525,-10.204647064208984,5.916718482971191,-0.4829254150390625,0.4081268310546875,2.6439971923828125
6.362059116363525,-10.204647064208984,5.916718482971191,-0.4829254150390625,0.4081268310546875,2.6439971923828125
-11.115209579467773,8.481229782104492,12.906118392944336,0.2235565185546875,1.63958740234375,-2.582183837890625
-11.115209579467773,8.481229782104492,12.906118392944336,0.2235565185546875,1.63958740234375,-2.582183837890625
-11.115209579467773,8.481229782104492,12.906118392944336,0.2235565185546875,1.63958740234375,-2.582183837890625
-11.115209579467773,8.481229782104492,12.906118392944336,0.2235565185546875,1.63958740234375,-2.582183837890625
-11.115209579467773,8.481229782104492,12.906118392944336,0.2235565185546875,1.63958740234375,-2.582183837890625
-11.115209579467773,8.481229782104492,12.906118392944336,0.2235565185546875,1.63958740234375,-2.582183837890625
-11.115209579467773,8.481229782104492,12.906118392944336,0.2235565185546875,1.63958740234375,-2.582183837890625
-11.115209579467773,8.481229782104492,12.906118392944336,0.2235565185546875,1.63958740234375,-2.582183837890625
-11.115209579467773,8.481229782104492,12.906118392944336,0.2235565185546875,1.63958740234375,-2.582183837890625
-11.115209579467773,8.481229782104492,12.906118392944336,0.2235565185546875,1.63958740234375,-2.582183837890625
-11.115209579467773,8.481229782104492,12.906118392944336,0.2235565185546875,1.63958740234375,-2.582183837890625
-11.115209579467773,8.481229782104492,12.906118392944336,0.2235565185546875,1.63958740234375,-2.582183837890625
-11.115209579467773,8.481229782104492,12.906118392944336,0.2235565185546875,1.63958740234375,-2.582183837890625
-11.115209579467773,8.481229782104492,12.906118392944336,0.2235565185546875,1.63958740234375,-2.582183837890625
-11.115209579467773,8.481229782104492,12.906118392944336,0.2235565185546875,1.63958740234375,-2.582183837890625
-11.115209579467773,8.481229782104492,12.906118392944336,0.2235565185546875,1.63958740234375,-2.582183837890625
6.169733047485352,-6.467989444732666,-4.36272668838501,2.96319580078125,-1.1203155517578125,2.7931365966796875
6.169733047485352,-6.467989444732666,-4.36272668838501,2.96319580078125,-1.1203155517578125,2.7931365966796875
6.169733047485352,-6.467989444732666,-4.36272668838501,2.96319580078125,-1.1203155517578125,2.7931365966796875
6.169733047485352,-6.467989444732666,-4.36272668838501,2.96319580078125,-1.1203155517578125,2.7931365966796875
6.169733047485352,-6.467989444732666,-4.36272668838501,2.96319580078125,-1.1203155517578125,2.7931365966796875
6.169733047485352,-6.467989444732666,-4.36272668838501,2.96319580078125,-1.1203155517578125,2.7931365966796875
6.169733047485352,-6.467989444732666,-4.36272668838501,2.96319580078125,-1.1203155517578125,2.7931365966796875
6.169733047485352,-6.467989444732666,-4.36272668838501,2.96319580078125,-1.1203155517578125,2.7931365966796875
6.169733047485352,-6.467989444732666,-4.36272668838501,2.96319580078125,-1.1203155517578125,2.7931365966796875
6.169733047485352,-6.467989444732666,-4.36272668838501,2.96319580078125,-1.1203155517578125,2.7931365966796875
6.169733047485352,-6.467989444732666,-4.36272668838501,2.96319580078125,-1.1203155517578125,2.7931365966796875
6.169733047485352,-6.467989444732666,-4.36272668838501,2.96319580078125,-1.1203155517578125,2.7931365966796875
6.169733047485352,-6.467989444732666,-4.36272668838501,2.96319580078125,-1.1203155517578125,2.7931365966796875
6.169733047485352,-6.467989444732666,-4.36272668838501,2.96319580078125,-1.1203155517578125,2.7931365966796875
6.169733047485352,-6.467989444732666,-4.36272668838501,2.96319580078125,-1.1203155517578125,2.7931365966796875
6.169733047485352,-6.467989444732666,-4.36272668838501,2.96319580078125,-1.1203155517578125,2.7931365966796875
6.169733047485352,-6.467989444732666,-4.36272668838501,2.96319580078125,-1.1203155517578125,2.7931365966796875
6.169733047485352,-6.467989444732666,-4.36272668838501,2.96319580078125,-1.1203155517578125,2.7931365966796875
-9.243609428405762,-6.941924571990967,17.97239875793457,-0.80889892578125,3.12646484375,-1.5576171875
-9.243609428405762,-6.941924571990967,17.97239875793457,-0.80889892578125,3.12646484375,-1.5576171875
-9.243609428405762,-6.941924571990967,17.97239875793457,-0.80889892578125,3.12646484375,-1.5576171875
-9.243609428405762,-6.941924571990967,17.97239875793457,-0.80889892578125,3.12646484375,-1.5576171875
-9.243609428405762,-6.941924571990967,17.97239875793457,-0.80889892578125,3.12646484375,-1.5576171875
-9.243609428405762,-6.941924571990967,17.97239875793457,-0.80889892578125,3.12646484375,-1.5576171875
-9.243609428405762,-6.941924571990967,17.97239875793457,-0.80889892578125,3.12646484375,-1.5576171875
-9.243609428405762,-6.941924571990967,17.97239875793457,-0.80889892578125,3.12646484375,-1.5576171875
-9.243609428405762,-6.941924571990967,17.97239875793457,-0.80889892578125,3.12646484375,-1.5576171875
-9.243609428405762,-6.941924571990967,17.97239875793457,-0.80889892578125,3.12646484375,-1.5576171875
-9.243609428405762,-6.941924571990967,17.97239875793457,-0.80889892578125,3.12646484375,-1.5576171875
-9.243609428405762,-6.941924571990967,17.97239875793457,-0.80889892578125,3.12646484375,-1.5576171875
-9.243609428405762,-6.941924571990967,17.97239875793457,-0.80889892578125,3.12646484375,-1.5576171875
-9.892894744873047,2.8837902545928955,-0.5278071165084839,1.4068450927734375,-2.59185791015625,-2.99359130859375
-9.892894744873047,2.8837902545928955,-0.5278071165084839,1.4068450927734375,-2.59185791015625,-2.99359130859375
-9.892894744873047,2.8837902545928955,-0.5278071165084839,1.4068450927734375,-2.59185791015625,-2.99359130859375
-9.892894744873047,2.8837902545928955,-0.5278071165084839,1.4068450927734375,-2.59185791015625,-2.99359130859375
-9.892894744873047,2.8837902545928955,-0.5278071165084839,1.4068450927734375,-2.59185791015625,-2.99359130859375
-9.892894744873047,2.8837902545928955,-0.5278071165084839,1.4068450927734375,-2.59185791015625,-2.99359130859375
-9.892894744873047,2.8837902545928955,-0.5278071165084839,1.4068450927734375,-2.59185791015625,-2.99359130859375
-9.892894744873047,2.8837902545928955,-0.5278071165084839,1.4068450927734375,-2.59185791015625,-2.99359130859375
-9.892894744873047,2.8837902545928955,-0.5278071165084839,1.4068450927734375,-2.59185791015625,-2.99359130859375
-9.892894744873047,2.8837902545928955,-0.5278071165084839,1.4068450927734375,-2.59185791015625,-2.99359130859375
-9.892894744873047,2.8837902545928955,-0.5278071165084839,1.4068450927734375,-2.59185791015625,-2.99359130859375
7.012683868408203,-18.17611312866211,6.637972831726074,0.1419525146484375,1.5648040771484375,4.71295166015625
7.012683868408203,-18.17611312866211,6.637972831726074,0.1419525146484375,1.5648040771484375,4.71295166015625
7.012683868408203,-18.17611312866211,6.637972831726074,0.1419525146484375,1.5648040771484375,4.71295166015625
7.012683868408203,-18.17611312866211,6.637972831726074,0.1419525146484375,1.5648040771484375,4.71295166015625
7.012683868408203,-18.17611312866211,6.637972831726074,0.1419525146484375,1.5648040771484375,4.71295166015625
7.012683868408203,-18.17611312866211,6.637972831726074,0.1419525146484375,1.5648040771484375,4.71295166015625
7.012683868408203,-18.17611312866211,6.637972831726074,0.1419525146484375,1.5648040771484375,4.71295166015625
7.012683868408203,-18.17611312866211,6.637972831726074,0.1419525146484375,1.5648040771484375,4.71295166015625
7.012683868408203,-18.17611312866211,6.637972831726074,0.1419525146484375,1.5648040771484375,4.71295166015625
7.012683868408203,-18.17611312866211,6.637972831726074,0.1419525146484375,1.5648040771484375,4.71295166015625
7.012683868408203,-18.17611312866211,6.637972831726074,0.1419525146484375,1.5648040771484375,4.71295166015625
-20.205835342407227,2.987668514251709,17.311233520507812,-0.205535888671875,1.818756103515625,-5.183349609375
-20.205835342407227,2.987668514251709,17.311233520507812,-0.205535888671875,1.818756103515625,-5.183349609375
-20.205835342407227,2.987668514251709,17.311233520507812,-0.205535888671875,1.818756103515625,-5.183349609375
-20.205835342407227,2.987668514251709,17.311233520507812,-0.205535888671875,1.818756103515625,-5.183349609375
-20.205835342407227,2.987668514251709,17.311233520507812,-0.205535888671875,1.818756103515625,-5.183349609375
-20.205835342407227,2.987668514251709,17.311233520507812,-0.205535888671875,1.818756103515625,-5.183349609375
-20.205835342407227,2.987668514251709,17.311233520507812,-0.205535888671875,1.818756103515625,-5.183349609375
-20.205835342407227,2.987668514251709,17.311233520507812,-0.205535888671875,1.818756103515625,-5.183349609375
-20.205835342407227,2.987668514251709,17.311233520507812,-0.205535888671875,1.818756103515625,-5.183349609375
-20.205835342407227,2.987668514251709,17.311233520507812,-0.205535888671875,1.818756103515625,-5.183349609375
-20.205835342407227,2.987668514251709,17.311233520507812,-0.205535888671875,1.818756103515625,-5.183349609375
-20.205835342407227,2.987668514251709,17.311233520507812,-0.205535888671875,1.818756103515625,-5.183349609375
-20.205835342407227,2.987668514251709,17.311233520507812,-0.205535888671875,1.818756103515625,-5.183349609375
-20.205835342407227,2.987668514251709,17.311233520507812,-0.205535888671875,1.818756103515625,-5.183349609375
4.7200517654418945,-4.835993766784668,-7.567535877227783,3.729766845703125,-1.80633544921875,2.3109893798828125
4.7200517654418945,-4.835993766784668,-7.567535877227783,3.729766845703125,-1.80633544921875,2.3109893798828125
4.7200517654418945,-4.835993766784668,-7.567535877227783,3.729766845703125,-1.80633544921875,2.3109893798828125
4.7200517654418945,-4.835993766784668,-7.567535877227783,3.729766845703125,-1.80633544921875,2.3109893798828125
4.7200517654418945,-4.835993766784668,-7.567535877227783,3.729766845703125,-1.80633544921875,2.3109893798828125
4.7200517654418945,-4.835993766784668,-7.567535877227783,3.729766845703125,-1.80633544921875,2.3109893798828125
4.7200517654418945,-4.835993766784668,-7.567535877227783,3.729766845703125,-1.80633544921875,2.3109893798828125
4.7200517654418945,-4.835993766784668,-7.567535877227783,3.729766845703125,-1.80633544921875,2.3109893798828125
4.7200517654418945,-4.835993766784668,-7.567535877227783,3.729766845703125,-1.80633544921875,2.3109893798828125
4.7200517654418945,-4.835993766784668,-7.567535877227783,3.729766845703125,-1.80633544921875,2.3109893798828125
4.7200517654418945,-4.835993766784668,-7.567535877227783,3.729766845703125,-1.80633544921875,2.3109893798828125
4.7200517654418945,-4.835993766784668,-7.567535877227783,3.729766845703125,-1.80633544921875,2.3109893798828125
4.7200517654418945,-4.835993766784668,-7.567535877227783,3.729766845703125,-1.80633544921875,2.3109893798828125
4.7200517654418945,-4.835993766784668,-7.567535877227783,3.729766845703125,-1.80633544921875,2.3109893798828125
4.7200517654418945,-4.835993766784668,-7.567535877227783,3.729766845703125,-1.80633544921875,2.3109893798828125
4.7200517654418945,-4.835993766784668,-7.567535877227783,3.729766845703125,-1.80633544921875,2.3109893798828125
3.5552797317504883,-15.806066513061523,11.90931510925293,-2.7783660888671875,1.646820068359375,2.3827972412109375
3.5552797317504883,-15.806066513061523,11.90931510925293,-2.7783660888671875,1.646820068359375,2.3827972412109375
3.5552797317504883,-15.806066513061523,11.90931510925293,-2.7783660888671875,1.646820068359375,2.3827972412109375
3.5552797317504883,-15.806066513061523,11.90931510925293,-2.7783660888671875,1.646820068359375,2.3827972412109375
3.5552797317504883,-15.806066513061523,11.90931510925293,-2.7783660888671875,1.646820068359375,2.3827972412109375
3.5552797317504883,-15.806066513061523,11.90931510925293,-2.7783660888671875,1.646820068359375,2.3827972412109375
3.5552797317504883,-15.806066513061523,11.90931510925293,-2.7783660888671875,1.646820068359375,2.3827972412109375
3.5552797317504883,-15.806066513061523,11.90931510925293,-2.7783660888671875,1.646820068359375,2.3827972412109375
3.5552797317504883,-15.806066513061523,11.90931510925293,-2.7783660888671875,1.646820068359375,2.3827972412109375
3.5552797317504883,-15.806066513061523,11.90931510925293,-2.7783660888671875,1.646820068359375,2.3827972412109375
3.5552797317504883,-15.806066513061523,11.90931510925293,-2.7783660888671875,1.646820068359375,2.3827972412109375
3.5552797317504883,-15.806066513061523,11.90931510925293,-2.7783660888671875,1.646820068359375,2.3827972412109375
3.5552797317504883,-15.806066513061523,11.90931510925293,-2.7783660888671875,1.646820068359375,2.3827972412109375
3.5552797317504883,-15.806066513061523,11.90931510925293,-2.7783660888671875,1.646820068359375,2.3827972412109375
-4.876574993133545,3.0577032566070557,8.386839866638184,-0.2894744873046875,1.2901763916015625,-4.3366851806640625
-4.876574993133545,3.0577032566070557,8.386839866638184,-0.2894744873046875,1.2901763916015625,-4.3366851806640625
-4.876574993133545,3.0577032566070557,8.386839866638184,-0.2894744873046875,1.2901763916015625,-4.3366851806640625
-4.876574993133545,3.0577032566070557,8.386839866638184,-0.2894744873046875,1.2901763916015625,-4.3366851806640625
-4.876574993133545,3.0577032566070557,8.386839866638184,-0.2894744873046875,1.2901763916015625,-4.3366851806640625
-4.876574993133545,3.0577032566070557,8.386839866638184,-0.2894744873046875,1.2901763916015625,-4.3366851806640625
-4.876574993133545,3.0577032566070557,8.386839866638184,-0.2894744873046875,1.2901763916015625,-4.3366851806640625
-4.876574993133545,3.0577032566070557,8.386839866638184,-0.2894744873046875,1.2901763916015625,-4.3366851806640625
-4.876574993133545,3.0577032566070557,8.386839866638184,-0.2894744873046875,1.2901763916015625,-4.3366851806640625
-4.876574993133545,3.0577032566070557,8.386839866638184,-0.2894744873046875,1.2901763916015625,-4.3366851806640625
-4.876574993133545,3.0577032566070557,8.386839866638184,-0.2894744873046875,1.2901763916015625,-4.3366851806640625
-4.876574993133545,3.0577032566070557,8.386839866638184,-0.2894744873046875,1.2901763916015625,-4.3366851806640625
-4.876574993133545,3.0577032566070557,8.386839866638184,-0.2894744873046875,1.2901763916015625,-4.3366851806640625
-4.876574993133545,3.0577032566070557,8.386839866638184,-0.2894744873046875,1.2901763916015625,-4.3366851806640625
-4.876574993133545,3.0577032566070557,8.386839866638184,-0.2894744873046875,1.2901763916015625,-4.3366851806640625
3.142725944519043,-0.5149586200714111,7.240825176239014,1.4079132080078125,1.0046844482421875,0.9344635009765625
3.142725944519043,-0.5149586200714111,7.240825176239014,1.4079132080078125,1.0046844482421875,0.9344635009765625
3.142725944519043,-0.5149586200714111,7.240825176239014,1.4079132080078125,1.0046844482421875,0.9344635009765625
3.142725944519043,-0.5149586200714111,7.240825176239014,1.4079132080078125,1.0046844482421875,0.9344635009765625
3.142725944519043,-0.5149586200714111,7.240825176239014,1.4079132080078125,1.0046844482421875,0.9344635009765625
3.142725944519043,-0.5149586200714111,7.240825176239014,1.4079132080078125,1.0046844482421875,0.9344635009765625
3.142725944519043,-0.5149586200714111,7.240825176239014,1.4079132080078125,1.0046844482421875,0.9344635009765625
3.142725944519043,-0.5149586200714111,7.240825176239014,1.4079132080078125,1.0046844482421875,0.9344635009765625
3.142725944519043,-0.5149586200714111,7.240825176239014,1.4079132080078125,1.0046844482421875,0.9344635009765625
3.142725944519043,-0.5149586200714111,7.240825176239014,1.4079132080078125,1.0046844482421875,0.9344635009765625
3.142725944519043,-0.5149586200714111,7.240825176239014,1.4079132080078125,1.0046844482421875,0.9344635009765625
3.142725944519043,-0.5149586200714111,7.240825176239014,1.4079132080078125,1.0046844482421875,0.9344635009765625
3.142725944519043,-0.5149586200714111,7.240825176239014,1.4079132080078125,1.0046844482421875,0.9344635009765625
3.142725944519043,-0.5149586200714111,7.240825176239014,1.4079132080078125,1.0046844482421875,0.9344635009765625
3.142725944519043,-0.5149586200714111,7.240825176239014,1.4079132080078125,1.0046844482421875,0.9344635009765625
3.142725944519043,-0.5149586200714111,7.240825176239014,1.4079132080078125,1.0046844482421875,0.9344635009765625
1.844430923461914,0.681877851486206,7.048092842102051,-0.1324615478515625,0.02911376953125,0.1563873291015625
1.844430923461914,0.681877851486206,7.048092842102051,-0.1324615478515625,0.02911376953125,0.1563873291015625
1.844430923461914,0.681877851486206,7.048092842102051,-0.1324615478515625,0.02911376953125,0.1563873291015625
1.844430923461914,0.681877851486206,7.048092842102051,-0.1324615478515625,0.02911376953125,0.1563873291015625
1.844430923461914,0.681877851486206,7.048092842102051,-0.1324615478515625,0.02911376953125,0.1563873291015625
1.844430923461914,0.681877851486206,7.048092842102051,-0.1324615478515625,0.02911376953125,0.1563873291015625
1.844430923461914,0.681877851486206,7.048092842102051,-0.1324615478515625,0.02911376953125,0.1563873291015625
1.844430923461914,0.681877851486206,7.048092842102051,-0.1324615478515625,0.02911376953125,0.1563873291015625
1.844430923461914,0.681877851486206,7.048092842102051,-0.1324615478515625,0.02911376953125,0.1563873291015625
1.844430923461914,0.681877851486206,7.048092842102051,-0.1324615478515625,0.02911376953125,0.1563873291015625
1.844430923461914,0.681877851486206,7.048092842102051,-0.1324615478515625,0.02911376953125,0.1563873291015625
1.844430923461914,0.681877851486206,7.048092842102051,-0.1324615478515625,0.02911376953125,0.1563873291015625
1.844430923461914,0.681877851486206,7.048092842102051,-0.1324615478515625,0.02911376953125,0.1563873291015625
1.844430923461914,0.681877851486206,7.048092842102051,-0.1324615478515625,0.02911376953125,0.1563873291015625
1.9487380981445312,0.42587757110595703,6.834181785583496,-0.001434326171875,0.108367919921875,0.2143402099609375
1.9487380981445312,0.42587757110595703,6.834181785583496,-0.001434326171875,0.108367919921875,0.2143402099609375
1.9487380981445312,0.42587757110595703,6.834181785583496,-0.001434326171875,0.108367919921875,0.2143402099609375
closed
